Workbook

Sheet Assets
B2: 2026.03.26
B3: CMA | C3: 현금보유비중 | D3: 투자가능금액 | E3: 순자산총액 | F3: 평가손익 | H3: 매매비율
B4: =E4-F4 | C4: 0.3 | D4: =B4*(1-C4) | E4: 1181121296 | F4: =CMA!I14 | H4: 0.4
H5: 0.3
B6: 연금저축(신) | C6: 현금보유비중 | D6: 투자금 | E6: 순자산총액 | F6: 평가손익 | H6: 0.2
B7: =E7-F7 | C7: 0 | D7: =B7*(1-C7) | E7: 118735412 | F7: =개인연금!F14 | H7: 0.1
B9: IRP | C9: 현금보유비중 | D9: 투자금 | E9: 순자산총액 | F9: 평가손익
B10: =E10-F10 | C10: 0 | D10: =B10*(1-C10) | E10: 13756880 | F10: 0
B12: =SUM(B10,B7,B4) | F12: =SUM(F10,F7,F4)
E14: 총자산 | F14: =SUM(B12,F12)

Sheet CMA
B2: ITEMs | C2: # | D2: 1 | E2: 2 | F2: 3 | G2: 4 | H2: 5 | I2: 합계
C3: 코드 | D3: 498400 | E3: 091160 | F3: 009540 | G3: 034220
C4: 종목 | D4: KODEX 200타겟위클리커버드콜 | E4: KODEX 반도체 | F4: HD한국조선해양 | G4: LD디스플레이
B5: Plan | C5: 투자비중 | D5: 0.4 | E5: 0.3 | F5: 0.1 | G5: 0.1 | I5: =SUM(D5:H5)
C6: 매수목표 | D6: 0.4 | E6: 0.4 | F6: 0.4 | G6: 0.4
C7: 투자한도 | D7: =Assets!$D$4*(D5)*D6 | E7: =Assets!$D$4*(E5)*E6 | F7: =Assets!$D$4*(F5)*F6 | G7: =Assets!$D$4*(G5)*G6 | H7: =Assets!$D$4*(H5)*H6 | I7: =SUM(D7:G7)
B8: Investment | C8: 보유량 | D8: 4688 | E8: 922 | G8: 970
C9: 평균단가 | D9: 18489 | E9: 107043 | G9: 13580
C10: 투자금 | D10: =D9*D8 | E10: =E9*E8 | F10: =F9*F8 | G10: =G9*G8 | H10: =H9*H8 | I10: =SUM(D10:G10)
C11: 비중 | D11: =D10/$I$10 | E11: =E10/$I$10 | F11: =F10/$I$10 | G11: =G10/$I$10 | H11: =H10/$I$10 | I11: =SUM(D11:G11)
B12: 매매 | C12: 현재가 | D12: 19150 | E12: 110620 | F12: 408000 | G12: 13830
C13: 수익률 | D13: =IF(D9>0, (D12-D9)/D9, 0) | E13: =IF(E9>0, (E12-E9)/E9, 0) | F13: =IF(F9>0, (F12-F9)/F9, 0) | G13: =IF(G9>0, (G12-G9)/G9, 0) | H13: =IF(H9>0, (H12-H9)/H9, 0) | I13: =I14/I10
C14: 수익 | D14: =D10*D13 | E14: =E10*E13 | F14: =F10*F13 | G14: =G10*G13 | H14: =H10*H13 | I14: =SUM(D14:G14)
C15: 매매 | D15: =D7-D10 | E15: =E7-E10 | F15: =F7-F10 | G15: =G7-G10 | H15: =H7-H10 | I15: =SUM(D15:G15)
C16: 추가매수 | D16: =IFERROR((D7-D10)/D12, 0) | E16: =IFERROR((E7-E10)/E12, 0) | F16: =IFERROR((F7-F10)/F12, 0) | G16: =IFERROR((G7-G10)/G12, 0) | H16: =IFERROR((H7-H10)/H12, 0) | I16: =IFERROR((I7-I10)/I12, 0)
C17: LONG/SHORT | D17: 1 | E17: 1 | F17: 1 | G17: 1 | H17: 1
C18: 0.4 | D18: =IF(D$17=1, D$16*Assets!$H4, -D$8*Assets!$H4) | E18: =IF(E$17=1, E$16*Assets!$H4, -E$8*Assets!$H4) | F18: =IF(F$17=1, F$16*Assets!$H4, -F$8*Assets!$H4) | G18: =IF(G$17=1, G$16*Assets!$H4, -G$8*Assets!$H4) | H18: =IF(H$17=1, H$16*Assets!$H4, -H$8*Assets!$H4)
C19: 0.3 | D19: =IF(D$17=1, D$16*Assets!$H5, -D$8*Assets!$H5) | E19: =IF(E$17=1, E$16*Assets!$H5, -E$8*Assets!$H5) | F19: =IF(F$17=1, F$16*Assets!$H5, -F$8*Assets!$H5) | G19: =IF(G$17=1, G$16*Assets!$H5, -G$8*Assets!$H5) | H19: =IF(H$17=1, H$16*Assets!$H5, -H$8*Assets!$H5)
C20: 0.2 | D20: =IF(D$17=1, D$16*Assets!$H6, -D$8*Assets!$H6) | E20: =IF(E$17=1, E$16*Assets!$H6, -E$8*Assets!$H6) | F20: =IF(F$17=1, F$16*Assets!$H6, -F$8*Assets!$H6) | G20: =IF(G$17=1, G$16*Assets!$H6, -G$8*Assets!$H6) | H20: =IF(H$17=1, H$16*Assets!$H6, -H$8*Assets!$H6)
C21: 0.1 | D21: =IF(D$17=1, D$16*Assets!$H7, -D$8*Assets!$H7) | E21: =IF(E$17=1, E$16*Assets!$H7, -E$8*Assets!$H7) | F21: =IF(F$17=1, F$16*Assets!$H7, -F$8*Assets!$H7) | G21: =IF(G$17=1, G$16*Assets!$H7, -G$8*Assets!$H7) | H21: =IF(H$17=1, H$16*Assets!$H7, -H$8*Assets!$H7)
B24: 목표 | C24: 목표수량 | D24: =D8+D16 | E24: =E8+E16 | F24: =F8+F16 | G24: =G8+G16 | H24: =H8+H16 | I24: 투자금 목표
C25: 목표평단가 | D25: =IF(D10>0,(((D8*D9)+(D16*D12))/(D8+D16)),0) | E25: =IF(E10>0,(((E8*E9)+(E16*E12))/(E8+E16)),0) | F25: =IF(F10>0,(((F8*F9)+(F16*F12))/(F8+F16)),0) | G25: =IF(G10>0,(((G8*G9)+(G16*G12))/(G8+G16)),0) | H25: =IF(H10>0,(((H8*H9)+(H16*H12))/(H8+H16)),0)
C26: 투자금 | D26: =D24*D25 | E26: =E24*E25 | F26: =F24*F25 | G26: =G24*G25 | H26: =H24*H25 | I26: =SUM(D26:G26)

Sheet 개인연금
B2: ITEMs | C2: # | D2: 1 | E2: 2 | F2: 합계
C3: 코드 | D3: 494300 | E3: 381180
C4: 종목 | D4: KODEX 미국나스닥100데일리커버드콜OTM | E4: TIGER 미국필라델피아반도체나스닥
B5: Plane | C5: 투자비중 | D5: 0.7 | E5: 0.3 | F5: =SUM(A5:E5)
C6: 매수목표 | D6: 1 | E6: 0.4
C7: 투자한도 | D7: =Assets!$D$7*(D5)*D6 | E7: =Assets!$D$7*(E5)*E6 | F7: =SUM(A7:D7)
B8: Investment | C8: 보유량 | D8: 8489 | E8: 392
C9: 평균단가 | D9: 9597 | E9: 35690
C10: 투자금 | D10: =D9*D8 | E10: =E9*E8 | F10: =SUM(A10:D10)
C11: 비중 | D11: =IFERROR(D10/$F$10, 0) | E11: =IFERROR(E10/$F$10, 0) | F11: =SUM(A11:D11)
B12: 매매 | C12: 현재가 | D12: 9940 | E12: 35955
C13: 수익률 | D13: =IF(D9>0, (D12-D9)/D9, 0) | E13: =IF(E9>0, (E12-E9)/E9, 0) | F13: =IFERROR(F14/F10, 0)
C14: 수익 | D14: =D10*D13 | E14: =E10*E13 | F14: =SUM(D14:E14)
C15: 매수한도 | D15: =D7-D10 | E15: =E7-E10 | F15: =SUM(A15:D15)
C16: 추가매수 | D16: =IFERROR((D7-D10)/D12, 0) | E16: =IFERROR((E7-E10)/E12, 0) | F16: =IFERROR((F7-F10)/F12, 0)
B18: 목표 | C18: 목표수량 | D18: =D8+D16 | E18: =E8+E16 | F18: 투자금 목표
C19: 목표평단가 | D19: =IF(D10>0,(((D8*D9)+(D16*D12))/(D8+D16)),0) | E19: =IF(E10>0,(((E8*E9)+(E16*E12))/(E8+E16)),0)
C20: 목표투자금 | D20: =D18*D19 | E20: =E18*E19 | F20: =SUM(A20:D20)
D22: =D$16*Assets!$H4 | E22: =E$16*Assets!$H4
D23: =D$16*Assets!$H5 | E23: =E$16*Assets!$H5
D24: =D$16*Assets!$H6 | E24: =E$16*Assets!$H6
D25: =D$16*Assets!$H7 | E25: =E$16*Assets!$H7

Sheet 퇴직연금
B2: ITEMs | C2: # | D2: 1 | E2: 2 | F2: 합계
C3: 코드 | D3: 481060
C4: 종목 | D4: KODEX 미국30년국채타겟커버드콜
B5: Plane | C5: 투자비중 | D5: 1 | F5: =SUM(A5:E5)
C6: 매수목표 | D6: 1
C7: 투자한도 | D7: =Assets!$D$10*(D5)*D6 | E7: =Assets!$D$4*(E5)*E6 | F7: =SUM(A7:D7)
B8: Investment | C8: 보유량 | D8: 1195
C9: 평균단가 | D9: 8061
C10: 투자금 | D10: =D9*D8 | E10: =E9*E8 | F10: =SUM(A10:D10)
C11: 비중 | D11: =IFERROR(D10/$F$10, 0) | E11: =IFERROR(E10/$F$10, 0) | F11: =SUM(A11:D11)
B12: 매매 | C12: 현재가 | D12: 7985
C13: 수익률 | D13: =IF(D9>0, (D12-D9)/D9, 0) | E13: =IF(E9>0, (E12-E9)/E9, 0) | F13: =IFERROR(F14/F10, 0)
C14: 수익 | D14: =D10*D13 | E14: =E10*E13 | F14: =SUM(A14:D14)
C15: 매수한도 | D15: =D7-D10 | E15: =E7-E10 | F15: =SUM(A15:D15)
C16: 추가매수 | D16: =IFERROR((D7-D10)/D12, 0) | E16: =IFERROR((E7-E10)/E12, 0) | F16: =IFERROR((F7-F10)/F12, 0)
B18: 목표 | C18: 목표수량 | D18: =D8+D16 | E18: =E8+E16 | F18: 투자금 목표
C19: 목표평단가 | D19: =IF(D10>0,(((D8*D9)+(D16*D12))/(D8+D16)),0) | E19: =IF(E10>0,(((E8*E9)+(E16*E12))/(E8+E16)),0)
C20: 목표투자금 | D20: =D18*D19 | E20: =E18*E19 | F20: =SUM(A20:D20)
