Workbook

Sheet Assets
C2: 한도액 | D2: 투자금 | E2: 투자비율 | F2: 순자산총액 | G2: 이자 | H2: 평가손익 | J2: 매매비율
B3: CMA | C3: =ROUNDDOWN(F3-H3, -7) -> 1220000000 | D3: =CMA!I10 -> 295903385 | E3: =D3/C3 -> 0.24254376 | F3: 1318000000 | H3: =CMA!I13 -> 93713075 | J3: 0.4
B4: 연금저축(신) | C4: =ROUNDDOWN(F4-H4, -6) -> 128000000 | D4: =개인연금!F10 -> 114287811 | E4: =D4/C4 -> 0.89287352 | F4: 137400000 | G4: 0 | H4: =개인연금!F13+G4 -> 9013519 | J4: 0.3
B5: IRP | C5: =ROUNDDOWN(F5-H5, -5) -> 13500000 | D5: =퇴직연금!F10 -> 13615448 | E5: =D5/C5 -> 1.0085517 | F5: 13700000 | G5: 0 | H5: =퇴직연금!F13+G5 -> 198352 | J5: 0.2
J6: 0.1
B7: 총자산
B8: =C17/C11 -> 0.075596729 | C8: =SUM(F3,F4,F5) -> 1469100000
B10: 원금
C11: =SUM(C3,C4,C5) -> 1361500000
B13: 투자금
B14: =C14/C11 -> 0.31127921 | C14: =SUM(D3:D5) -> 423806644
B16: 평가손익
B17: =C17/C14 -> 0.24285826 | C17: =SUM(H3,H4,H5) -> 102924946
B19: 배당수익
B20: 합계 | C20: =SUM(C22:C34) -> 9321507 | D20: =C20/C14 -> 0.021994717
B22: 46143 | C22: =CMA!J28+개인연금!G27+퇴직연금!F27 -> 4261901
B23: 46174 | C23: =CMA!I29+개인연금!F28+퇴직연금!F28 -> 5059606

Sheet CMA
B2: ITEMs | C2: # | D2: 1 | E2: 3 | F2: 3 | G2: 4 | H2: 5 | I2: 합계
C3: 코드 | D3: 498400 | E3: 091160 | F3: 487240 | G3: 0204D0 | H3: 481060
C4: 종목 | D4: KODEX 200타겟위클리커버드콜 | E4: KODEX 반도체 | F4: KODEX AI전력핵심설비 | G4: KODEX 현대차로보틱스밸류체인TOP3플러 | H4: KODEX 미국30년국채타겟커버드콜(합성H)
B5: Plan | C5: 투자비중 | D5: 0.4 | E5: 0.3 | F5: 0.2 | G5: 0.1 | H5: 0 | I5: =SUM(D5:H5) -> 1
C6: 매수목표 | D6: 0.45 | E6: 0.2 | F6: 0.2 | G6: 0.2 | H6: 0
C7: 투자목표 | D7: =Assets!$C3*(D5)*D6 -> 219600000 | E7: =Assets!$C3*(E5)*E6 -> 73200000 | F7: =Assets!$C3*(F5)*F6 -> 48800000 | G7: =Assets!$C3*(G5)*G6 -> 24400000 | H7: =Assets!$C3*(H5)*H6 -> 0 | I7: =SUM(D7:G7) -> 366000000
B8: Investment | C8: 보유량 | D8: 9606 | E8: 496 | F8: 514 | G8: 1361
C9: 평균단가 | D9: 20486 | E9: 125661 | F9: 47832 | G9: 8965
C10: 투자금 | D10: =D9*D8 -> 196788516 | E10: =E9*E8 -> 62327856 | F10: =F9*F8 -> 24585648 | G10: =G9*G8 -> 12201365 | H10: =H9*H8 -> 0 | I10: =SUM(D10:G10) -> 295903385
B11: 매매 | C11: 현재가 | D11: 27700 | E11: 177700 | F11: 46215 | G11: 8550 | H11: 7800
C12: 수익률 | D12: =IF(D9>0, (D11-D9)/D9, 0) -> 0.35214293 | E12: =IF(E9>0, (E11-E9)/E9, 0) -> 0.41412212 | F12: =IF(F9>0, (F11-F9)/F9, 0) -> -0.03380582 | G12: =IF(G9>0, (G11-G9)/G9, 0) -> -0.046291132 | H12: =IF(H9>0, (H11-H9)/H9, 0) -> 0 | I12: =I13/I10 -> 0.3167016
C13: 수익 | D13: =D10*D12 -> 69297684 | E13: =E10*E12 -> 25811344 | F13: =F10*F12 -> -831138 | G13: =G10*G12 -> -564815 | H13: =H10*H12 -> 0 | I13: =SUM(D13:G13) -> 93713075
C14: 매매 | D14: =D7-D10 -> 22811484 | E14: =E7-E10 -> 10872144 | F14: =F7-F10 -> 24214352 | G14: =G7-G10 -> 12198635 | H14: =H7-H10 -> 0 | I14: =SUM(D14:G14) -> 70096615
C15: 추가매수 | D15: =IFERROR((D7-D10)/D11, 0) -> 823.51928 | E15: =IFERROR((E7-E10)/E11, 0) -> 61.182577 | F15: =IFERROR((F7-F10)/F11, 0) -> 523.95006 | G15: =IFERROR((G7-G10)/G11, 0) -> 1426.7409 | H15: =IFERROR((H7-H10)/H11, 0) -> 0 | I15: =IFERROR((I7-I10)/I11, 0) -> 0
C16: 0.4 | D16: =D$15*Assets!$J3 -> 329.40771 | E16: =E$15*Assets!$J3 -> 24.473031 | F16: =F$15*Assets!$J3 -> 209.58002 | G16: =G$15*Assets!$J3 -> 570.69637 | H16: =H$15*Assets!$J3 -> 0
C17: 0.3 | D17: =D$15*Assets!$J4 -> 247.05578 | E17: =E$15*Assets!$J4 -> 18.354773 | F17: =F$15*Assets!$J4 -> 157.18502 | G17: =G$15*Assets!$J4 -> 428.02228 | H17: =H$15*Assets!$J4 -> 0
C18: 0.2 | D18: =D$15*Assets!$J5 -> 164.70386 | E18: =E$15*Assets!$J5 -> 12.236515 | F18: =F$15*Assets!$J5 -> 104.79001 | G18: =G$15*Assets!$J5 -> 285.34819 | H18: =H$15*Assets!$J5 -> 0
C19: 0.1 | D19: =D$15*Assets!$J6 -> 82.351928 | E19: =E$15*Assets!$J6 -> 6.1182577 | F19: =F$15*Assets!$J6 -> 52.395006 | G19: =G$15*Assets!$J6 -> 142.67409 | H19: =H$15*Assets!$J6 -> 0
D20: =D16*D11 -> 9124593.6 | E20: =E16*E11 -> 4348857.6 | F20: =F16*F11 -> 9685740.8 | G20: =G16*G11 -> 4879454 | H20: =H16*H11 -> 0
B22: 목표 | C22: 목표수량 | D22: =D8+D15 -> 10429.519 | E22: =E8+E15 -> 557.18258 | F22: =F8+F15 -> 1037.9501 | G22: =G8+G15 -> 2787.7409 | H22: =H8+H15 -> 0 | I22: 투자금 목표
C23: 목표평단가 | D23: =IF(D10>0,(((D8*D9)+(D15*D11))/(D8+D15)),0) -> 21055.621 | E23: =IF(E10>0,(((E8*E9)+(E15*E11))/(E8+E15)),0) -> 131375.25 | F23: =IF(F10>0,(((F8*F9)+(F15*F11))/(F8+F15)),0) -> 47015.75 | G23: =IF(G10>0,(((G8*G9)+(G15*G11))/(G8+G15)),0) -> 8752.6067 | H23: =IF(H10>0,(((H8*H9)+(H15*H11))/(H8+H15)),0) -> 0
C24: 투자금 | D24: =D22*D23 -> 219600000 | E24: =E22*E23 -> 73200000 | F24: =F22*F23 -> 48800000 | G24: =G22*G23 -> 24400000 | H24: =H22*H23 -> 0 | I24: =SUM(D24:G24) -> 366000000
B26: 배당,분배 (세후) | C26: 함계 | I26: =SUM(I27:I31) -> 6012105
C27: 46148 | E27: 100905 | I27: =SUM(D27:H27) -> 100905
C28: 46161 | D28: 2549100 | I28: =SUM(D28:H28) -> 2549100 | J28: =SUM(I27:I28) -> 2650005
C29: 46188 | D29: 3362100 | I29: =SUM(D29:H29) -> 3362100

Sheet 개인연금
B2: ITEMs | C2: # | D2: 1 | E2: 2 | F2: 합계
C3: 코드 | D3: 494300
C4: 종목 | D4: KODEX 미국나스닥100데일리커버드콜OTM
B5: Plane | C5: 투자비중 | D5: 1 | F5: =SUM(A5:E5) -> 1
C6: 매수목표 | D6: 0.9
C7: 투자한도 | D7: =Assets!$C4*(D5)*D6 -> 115200000 | E7: =Assets!$C4*(E5)*E6 -> 0 | F7: =SUM(D7:E7) -> 115200000
B8: Investment | C8: 보유량 | D8: 11281
C9: 평균단가 | D9: 10131
C10: 투자금 | D10: =D9*D8 -> 114287811 | E10: =E9*E8 -> 0 | F10: =SUM(D10:E10) -> 114287811
B11: 매매 | C11: 현재가 | D11: 10930
C12: 수익률 | D12: =IF(D9>0, (D11-D9)/D9, 0) -> 0.078866844 | E12: =IF(E9>0, (E11-E9)/E9, 0) -> 0 | F12: =IFERROR(F13/F10, 0) -> 0.078866844
C13: 수익 | D13: =D10*D12 -> 9013519 | E13: =E10*E12 -> 0 | F13: =SUM(D13:E13) -> 9013519
C14: 추가매수(금액) | D14: =D7-D10 -> 912189 | E14: =E7-E10 -> 0 | F14: =SUM(A14:D14) -> 912189
C15: 추가매수(주) | D15: =IFERROR((D7-D10)/D11, 0) -> 83.457365 | E15: =IFERROR((E7-E10)/E11, 0) -> 0 | F15: =IFERROR((F7-F10)/F11, 0) -> 0
C16: 0.4 | D16: =D$15*Assets!$J3 -> 33.382946 | E16: =E$15*Assets!$J3 -> 0
C17: 0.3 | D17: =D$15*Assets!$J4 -> 25.03721 | E17: =E$15*Assets!$J4 -> 0
C18: 0.2 | D18: =D$15*Assets!$J5 -> 16.691473 | E18: =E$15*Assets!$J5 -> 0
C19: 0.1 | D19: =D$15*Assets!$J6 -> 8.3457365 | E19: =E$15*Assets!$J6 -> 0
D20: =D11*D16 -> 364875.6
B22: 목표 | C22: 목표수량 | D22: =D8+D15 -> 11364.457 | E22: =E8+E15 -> 0 | F22: 투자금 목표
C23: 목표평단가 | D23: =IF(D10>0,(((D8*D9)+(D15*D11))/(D8+D15)),0) -> 10136.868 | E23: =IF(E10>0,(((E8*E9)+(E15*E11))/(E8+E15)),0) -> 0
C24: 목표투자금 | D24: =D22*D23 -> 1.152e+08 | E24: =E22*E23 -> 0 | F24: =SUM(D24:E24) -> 1.152e+08
B26: 배당,분배 (세후) | C26: 합계 | F26: =SUM(F27:F34) -> 3034681
C27: 46148 | D27: 1434641 | E27: 40664 | F27: =SUM(D27:E27) -> 1475305 | G27: =SUM(F27) -> 1475305
C28: 46175 | D28: 1559376 | E28: 0 | F28: =SUM(D28:E28) -> 1559376 | G28: =SUM(F28) -> 1559376

Sheet 퇴직연금
B2: ITEMs | C2: # | D2: 1 | E2: 2 | F2: 합계
C3: 코드 | D3: 481060
C4: 종목 | D4: KODEX 미국30년국채타겟커버드콜(합성H)
B5: Plane | C5: 투자비중 | D5: 1 | F5: =SUM(A5:E5) -> 1
C6: 매수목표 | D6: 1
C7: 투자한도 | D7: =Assets!$C5*(D5)*D6 -> 13500000 | E7: =Assets!$C5*(E5)*E6 -> 0 | F7: =SUM(A7:D7) -> 13500000
B8: Investment | C8: 보유량 | D8: 1771
C9: 평균단가 | D9: 7688
C10: 투자금 | D10: =D9*D8 -> 13615448 | E10: =E9*E8 -> 0 | F10: =SUM(A10:D10) -> 13615448
B11: 매매 | C11: 현재가 | D11: 7800
C12: 수익률 | D12: =IF(D9>0, (D11-D9)/D9, 0) -> 0.014568158 | E12: =IF(E9>0, (E11-E9)/E9, 0) -> 0 | F12: =IFERROR(F13/F10, 0) -> 0.014568158
C13: 수익 | D13: =D10*D12 -> 198352 | E13: =E10*E12 -> 0 | F13: =SUM(A13:D13) -> 198352
C14: 매수한도 | D14: =D7-D10 -> -115448 | E14: =E7-E10 -> 0 | F14: =SUM(A14:D14) -> -115448
C15: 추가매수 | D15: =IFERROR((D7-D10)/D11, 0) -> -14.801026 | E15: =IFERROR((E7-E10)/E11, 0) -> 0 | F15: =IFERROR((F7-F10)/F11, 0) -> 0
C16: 0.4 | D16: =D$15*Assets!$J3 -> -5.9204103 | E16: =E$15*Assets!$J3 -> 0
C17: 0.3 | D17: =D$15*Assets!$J4 -> -4.4403077 | E17: =E$15*Assets!$J4 -> 0
C18: 0.2 | D18: =D$15*Assets!$J5 -> -2.9602051 | E18: =E$15*Assets!$J5 -> 0
C19: 0.1 | D19: =D$15*Assets!$J6 -> -1.4801026 | E19: =E$15*Assets!$J6 -> 0
D20: =D11*D16 -> -46179.2
B22: 목표 | C22: 목표수량 | D22: =D8+D15 -> 1756.199 | E22: =E8+E15 -> 0 | F22: 투자금 목표
C23: 목표평단가 | D23: =IF(D10>0,(((D8*D9)+(D15*D11))/(D8+D15)),0) -> 7687.0561 | E23: =IF(E10>0,(((E8*E9)+(E15*E11))/(E8+E15)),0) -> 0
C24: 목표투자금 | D24: =D22*D23 -> 13500000 | E24: =E22*E23 -> 0 | F24: =SUM(A24:D24) -> 13500000
B26: 배당,분배 (세후) | C26: 합계 | F26: =SUM(F27:F28) -> 274721
C27: 46161 | D27: 136591 | F27: =SUM(D27:E27) -> 136591
C28: 46190 | D28: 138130 | F28: =SUM(D28:E28) -> 138130
