Workbook

Sheet Assets
C2: 한도액 | D2: 투자금 | E2: 투자비율 | F2: 순자산총액 | G2: 이자 | H2: 평가손익 | J2: 매매비율
B3: CMA | C3: =ROUNDDOWN(F3-H3, -7) | D3: =CMA!I10 | E3: =D3/C3 | F3: 1285000000 | H3: =CMA!I13 | J3: 0.4
B4: 연금저축(신) | C4: =ROUNDDOWN(F4-H4, -6) | D4: =개인연금!F10 | E4: =D4/C4 | F4: 136500000 | G4: 0 | H4: =개인연금!F13+G4 | J4: 0.3
B5: IRP | C5: =ROUNDDOWN(F5-H5, -5) | D5: =퇴직연금!F10 | E5: =D5/C5 | F5: 13700000 | G5: 0 | H5: =퇴직연금!F13+G5 | J5: 0.2
J6: 0.1
B7: 총자산
B8: =C17/C11 | C8: =SUM(F3,F4,F5)
B10: 원금
C11: =SUM(C3,C4,C5)
B13: 투자금
B14: =C14/C11 | C14: =SUM(D3:D5)
B16: 평가손익
B17: =C17/C14 | C17: =SUM(H3,H4,H5)
B19: 배당수익
B20: 합계 | C20: =SUM(C22:C34)
B22: 46143 | C22: =CMA!J27+개인연금!G26+퇴직연금!F26
B23: 46174 | C23: =CMA!J28+개인연금!G27+퇴직연금!G26

Sheet CMA
B2: ITEMs | C2: # | D2: 1 | E2: 3 | F2: 3 | G2: 4 | H2: 5 | I2: 합계
C3: 코드 | D3: 498400 | E3: 091160 | F3: 487240
C4: 종목 | D4: KODEX 200타겟위클리커버드콜 | E4: KODEX 반도체 | F4: KODEX AI전력핵심설비
B5: Plan | C5: 투자비중 | D5: 0.4 | E5: 0.3 | F5: 0.2 | I5: =SUM(D5:H5)
C6: 매수목표 | D6: 0.4 | E6: 0.4 | F6: 0.06
C7: 투자목표 | D7: =Assets!$C3*(D5)*D6 | E7: =Assets!$C3*(E5)*E6 | F7: =Assets!$C3*(F5)*F6 | G7: =Assets!$C3*(G5)*G6 | H7: =Assets!$C3*(H5)*H6 | I7: =SUM(D7:G7)
B8: Investment | C8: 보유량 | D8: 9606 | E8: 456
C9: 평균단가 | D9: 20486 | E9: 121496
C10: 투자금 | D10: =D9*D8 | E10: =E9*E8 | F10: =F9*F8 | G10: =G9*G8 | H10: =H9*H8 | I10: =SUM(D10:G10)
B11: 매매 | C11: 현재가 | D11: 24550 | E11: 158000 | F11: 42945
C12: 수익률 | D12: =IF(D9>0, (D11-D9)/D9, 0) | E12: =IF(E9>0, (E11-E9)/E9, 0) | F12: =IF(F9>0, (F11-F9)/F9, 0) | G12: =IF(G9>0, (G11-G9)/G9, 0) | H12: =IF(H9>0, (H11-H9)/H9, 0) | I12: =I13/I10
C13: 수익 | D13: =D10*D12 | E13: =E10*E12 | F13: =F10*F12 | G13: =G10*G12 | H13: =H10*H12 | I13: =SUM(D13:G13)
C14: 매매 | D14: =D7-D10 | E14: =E7-E10 | F14: =F7-F10 | G14: =G7-G10 | H14: =H7-H10 | I14: =SUM(D14:G14)
C15: 추가매수 | D15: =IFERROR((D7-D10)/D11, 0) | E15: =IFERROR((E7-E10)/E11, 0) | F15: =IFERROR((F7-F10)/F11, 0) | G15: =IFERROR((G7-G10)/G11, 0) | H15: =IFERROR((H7-H10)/H11, 0) | I15: =IFERROR((I7-I10)/I11, 0)
C16: 0.4 | D16: =D$15*Assets!$J3 | E16: =E$15*Assets!$J3 | F16: =F$15*Assets!$J3 | G16: =G$15*Assets!$J3 | H16: =H$15*Assets!$J3
C17: 0.3 | D17: =D$15*Assets!$J4 | E17: =E$15*Assets!$J4 | F17: =F$15*Assets!$J4 | G17: =G$15*Assets!$J4 | H17: =H$15*Assets!$J4
C18: 0.2 | D18: =D$15*Assets!$J5 | E18: =E$15*Assets!$J5 | F18: =F$15*Assets!$J5 | G18: =G$15*Assets!$J5 | H18: =H$15*Assets!$J5
C19: 0.1 | D19: =D$15*Assets!$J6 | E19: =E$15*Assets!$J6 | F19: =F$15*Assets!$J6 | G19: =G$15*Assets!$J6 | H19: =H$15*Assets!$J6
D20: =D16*D11 | E20: =E16*E11 | F20: =F16*F11 | G20: =G16*G11 | H20: =H16*H11
B22: 목표 | C22: 목표수량 | D22: =D8+D15 | E22: =E8+E15 | F22: =F8+F15 | G22: =G8+G15 | H22: =H8+H15 | I22: 투자금 목표
C23: 목표평단가 | D23: =IF(D10>0,(((D8*D9)+(D15*D11))/(D8+D15)),0) | E23: =IF(E10>0,(((E8*E9)+(E15*E11))/(E8+E15)),0) | F23: =IF(F10>0,(((F8*F9)+(F15*F11))/(F8+F15)),0) | G23: =IF(G10>0,(((G8*G9)+(G15*G11))/(G8+G15)),0) | H23: =IF(H10>0,(((H8*H9)+(H15*H11))/(H8+H15)),0)
C24: 투자금 | D24: =D22*D23 | E24: =E22*E23 | F24: =F22*F23 | G24: =G22*G23 | H24: =H22*H23 | I24: =SUM(D24:G24)
B26: 배당,분배 (세후) | C26: 46148 | E26: 100905 | I26: =SUM(D26:H26)
C27: 46161 | D27: 2549100 | I27: =SUM(D27:H27) | J27: =SUM(I26:I27)

Sheet 개인연금
B2: ITEMs | C2: # | D2: 1 | E2: 2 | F2: 합계
C3: 코드 | D3: 494300
C4: 종목 | D4: KODEX 미국나스닥100데일리커버드콜OTM
B5: Plane | C5: 투자비중 | D5: 0.7 | F5: =SUM(A5:E5)
C6: 매수목표 | D6: 1
C7: 투자한도 | D7: =Assets!$C4*(D5)*D6 | E7: =Assets!$C4*(E5)*E6 | F7: =SUM(D7:E7)
B8: Investment | C8: 보유량 | D8: 9756
C9: 평균단가 | D9: 9993
C10: 투자금 | D10: =D9*D8 | E10: =E9*E8 | F10: =SUM(D10:E10)
B11: 매매 | C11: 현재가 | D11: 10760
C12: 수익률 | D12: =IF(D9>0, (D11-D9)/D9, 0) | E12: =IF(E9>0, (E11-E9)/E9, 0) | F12: =IFERROR(F13/F10, 0)
C13: 수익 | D13: =D10*D12 | E13: =E10*E12 | F13: =SUM(D13:E13)
C14: 추가매수(금액) | D14: =D7-D10 | E14: =E7-E10 | F14: =SUM(A14:D14)
C15: 추가매수(주) | D15: =IFERROR((D7-D10)/D11, 0) | E15: =IFERROR((E7-E10)/E11, 0) | F15: =IFERROR((F7-F10)/F11, 0)
C16: 0.4 | D16: =D$15*Assets!$J3 | E16: =E$15*Assets!$J3
C17: 0.3 | D17: =D$15*Assets!$J4 | E17: =E$15*Assets!$J4
C18: 0.2 | D18: =D$15*Assets!$J5 | E18: =E$15*Assets!$J5
C19: 0.1 | D19: =D$15*Assets!$J6 | E19: =E$15*Assets!$J6
D20: =D11*D16
B22: 목표 | C22: 목표수량 | D22: =D8+D15 | E22: =E8+E15 | F22: 투자금 목표
C23: 목표평단가 | D23: =IF(D10>0,(((D8*D9)+(D15*D11))/(D8+D15)),0) | E23: =IF(E10>0,(((E8*E9)+(E15*E11))/(E8+E15)),0)
C24: 목표투자금 | D24: =D22*D23 | E24: =E22*E23 | F24: =SUM(D24:E24)
B26: 배당,분배 (세후) | C26: 46148 | D26: 1434641 | E26: 40664 | F26: =SUM(D26:E26) | G26: =SUM(F26)
C27: 46175 | D27: 1559376 | E27: 0 | F27: =SUM(D27:E27) | G27: =SUM(F27)

Sheet 퇴직연금
B2: ITEMs | C2: # | D2: 1 | E2: 2 | F2: 합계
C3: 코드 | D3: 481060
C4: 종목 | D4: KODEX 미국30년국채타겟커버드콜(합성H)
B5: Plane | C5: 투자비중 | D5: 1 | F5: =SUM(A5:E5)
C6: 매수목표 | D6: 1
C7: 투자한도 | D7: =Assets!$C5*(D5)*D6 | E7: =Assets!$C5*(E5)*E6 | F7: =SUM(A7:D7)
B8: Investment | C8: 보유량 | D8: 1771
C9: 평균단가 | D9: 7688
C10: 투자금 | D10: =D9*D8 | E10: =E9*E8 | F10: =SUM(A10:D10)
B11: 매매 | C11: 현재가 | D11: 7785
C12: 수익률 | D12: =IF(D9>0, (D11-D9)/D9, 0) | E12: =IF(E9>0, (E11-E9)/E9, 0) | F12: =IFERROR(F13/F10, 0)
C13: 수익 | D13: =D10*D12 | E13: =E10*E12 | F13: =SUM(A13:D13)
C14: 매수한도 | D14: =D7-D10 | E14: =E7-E10 | F14: =SUM(A14:D14)
C15: 추가매수 | D15: =IFERROR((D7-D10)/D11, 0) | E15: =IFERROR((E7-E10)/E11, 0) | F15: =IFERROR((F7-F10)/F11, 0)
C16: 0.4 | D16: =D$15*Assets!$J3 | E16: =E$15*Assets!$J3
C17: 0.3 | D17: =D$15*Assets!$J4 | E17: =E$15*Assets!$J4
C18: 0.2 | D18: =D$15*Assets!$J5 | E18: =E$15*Assets!$J5
C19: 0.1 | D19: =D$15*Assets!$J6 | E19: =E$15*Assets!$J6
D20: =D11*D16
B22: 목표 | C22: 목표수량 | D22: =D8+D15 | E22: =E8+E15 | F22: 투자금 목표
C23: 목표평단가 | D23: =IF(D10>0,(((D8*D9)+(D15*D11))/(D8+D15)),0) | E23: =IF(E10>0,(((E8*E9)+(E15*E11))/(E8+E15)),0)
C24: 목표투자금 | D24: =D22*D23 | E24: =E22*E23 | F24: =SUM(A24:D24)
B26: 배당,분배 (세후) | C26: 46161 | D26: 136591 | F26: =SUM(D26:E26) | G26: =SUM(F26)
F27: =SUM(D27:E27)
