Workbook

Sheet Assets
C2: 투자원금 | D2: 현금보유비중 | E2: 투자가능금액 | F2: 투자금 | G2: 순자산총액 | H2: 이자 | I2: 평가손익 | K2: 매매비율
B3: CMA | C3: =G3-I3 -> 1204558926 | D3: 0 | E3: =C3*(1-D3) -> 1204558926 | F3: =CMA!I10 -> 289287262 | G3: 1317442484 | I3: =CMA!I14 -> 112883558 | K3: 0.4
B4: 연금저축(신) | C4: =G4-I4 -> 127633353 | D4: 0 | E4: =C4*(1-D4) -> 127633353 | F4: =개인연금!F10 -> 97491708 | G4: 138872265 | H4: 0 | I4: =개인연금!F14+H4 -> 11238912 | K4: 0.3
B5: IRP | C5: =G5-I5 -> 13627227 | D5: 0 | E5: =C5*(1-D5) -> 13627227 | F5: =퇴직연금!F10 -> 13613677 | G5: 13800785 | H5: 0 | I5: =퇴직연금!F14+H5 -> 173558 | K5: 0.2
K6: 0.1
B7: 총자산
B8: =C17/C11 -> 0.092357131 | C8: =SUM(G3,G4,G5) -> 1470115534
B10: 원금
C11: =SUM(C3,C4,C5) -> 1345819506
B13: 투자금
B14: =C14/C11 -> 0.29750843 | C14: =SUM(F3:F5) -> 400392647
B16: 평가손익
B17: =C17/C14 -> 0.31043534 | C17: =SUM(I3,I4,I5) -> 124296028
B19: 배당수익
B20: 합계 | C20: =SUM(C22:C34) -> 5821277
B22: 46143 | C22: =CMA!I28+개인연금!F28+퇴직연금!F28 -> 4261901
B23: 46174 | C23: =CMA!I29+개인연금!F29+퇴직연금!F29 -> 1559376

Sheet CMA
B2: ITEMs | C2: # | D2: 1 | E2: 3 | F2: 3 | G2: 4 | H2: 5 | I2: 합계
C3: 코드 | D3: 498400 | E3: 091160 | F3: 278530 | G3: 091180
C4: 종목 | D4: KODEX 200타겟위클리커버드콜 | E4: KODEX 반도체 | F4: KODEX 200TR | G4: KODEX 자동차
B5: Plan | C5: 투자비중 | D5: 0.4 | E5: 0.3 | F5: 0.1 | G5: 0.1 | I5: =SUM(D5:H5) -> 0.9
C6: 매수목표 | D6: 0.4 | E6: 0.3 | F6: 0.1 | G6: 0.1
C7: 투자목표 | D7: =Assets!$E$3*(D5)*D6 -> 1.9272943e+08 | E7: =Assets!$E$3*(E5)*E6 -> 1.084103e+08 | F7: =Assets!$E$3*(F5)*F6 -> 12045589 | G7: =Assets!$E$3*(G5)*G6 -> 12045589 | H7: =Assets!$E$3*(H5)*H6 -> 0 | I7: =SUM(D7:G7) -> 3.2523091e+08
B8: Investment | C8: 보유량 | D8: 8597 | E8: 874 | F8: 197 | G8: 237
C9: 평균단가 | D9: 19902 | E9: 113407 | F9: 48450 | G9: 40200
C10: 투자금 | D10: =D9*D8 -> 171097494 | E10: =E9*E8 -> 99117718 | F10: =F9*F8 -> 9544650 | G10: =G9*G8 -> 9527400 | H10: =H9*H8 -> 0 | I10: =SUM(D10:G10) -> 289287262
C11: 비중 | D11: =D10/$I$10 -> 0.59144496 | E11: =E10/$I$10 -> 0.34262732 | F11: =F10/$I$10 -> 0.032993675 | G11: =G10/$I$10 -> 0.032934046 | H11: =H10/$I$10 -> 0 | I11: =SUM(D11:G11) -> 1
B12: 매매 | C12: 현재가 | D12: 27825 | E12: 163875 | F12: 51105 | G12: 40780
C13: 수익률 | D13: =IF(D9>0, (D12-D9)/D9, 0) -> 0.39810069 | E13: =IF(E9>0, (E12-E9)/E9, 0) -> 0.44501662 | F13: =IF(F9>0, (F12-F9)/F9, 0) -> 0.054798762 | G13: =IF(G9>0, (G12-G9)/G9, 0) -> 0.014427861 | H13: =IF(H9>0, (H12-H9)/H9, 0) -> 0 | I13: =I14/I10 -> 0.39021268
C14: 수익 | D14: =D10*D13 -> 68114031 | E14: =E10*E13 -> 44109032 | F14: =F10*F13 -> 523035 | G14: =G10*G13 -> 137460 | H14: =H10*H13 -> 0 | I14: =SUM(D14:G14) -> 112883558
C15: 매매 | D15: =D7-D10 -> 21631934 | E15: =E7-E10 -> 9292585.3 | F15: =F7-F10 -> 2500939.3 | G15: =G7-G10 -> 2518189.3 | H15: =H7-H10 -> 0 | I15: =SUM(D15:G15) -> 35943648
C16: 추가매수 | D16: =IFERROR((D7-D10)/D12, 0) -> 777.428 | E16: =IFERROR((E7-E10)/E12, 0) -> 56.705326 | F16: =IFERROR((F7-F10)/F12, 0) -> 48.937271 | G16: =IFERROR((G7-G10)/G12, 0) -> 61.750595 | H16: =IFERROR((H7-H10)/H12, 0) -> 0 | I16: =IFERROR((I7-I10)/I12, 0) -> 0
C17: LONG/SHORT | D17: 1 | E17: 1 | F17: 1 | G17: 1 | H17: 0
C18: 0.4 | D18: =IF(D$17=1, D$16*Assets!$K3, -D$8*Assets!$K3) -> 310.9712 | E18: =IF(E$17=1, E$16*Assets!$K3, -E$8*Assets!$K3) -> 22.682131 | F18: =IF(F$17=1, F$16*Assets!$K3, -F$8*Assets!$K3) -> 19.574909 | G18: =IF(G$17=1, G$16*Assets!$K3, -G$8*Assets!$K3) -> 24.700238 | H18: =IF(H$17=1, H$16*Assets!$K3, -H$8*Assets!$K3) -> 0
C19: 0.3 | D19: =IF(D$17=1, D$16*Assets!$K4, -D$8*Assets!$K4) -> 233.2284 | E19: =IF(E$17=1, E$16*Assets!$K4, -E$8*Assets!$K4) -> 17.011598 | F19: =IF(F$17=1, F$16*Assets!$K4, -F$8*Assets!$K4) -> 14.681181 | G19: =IF(G$17=1, G$16*Assets!$K4, -G$8*Assets!$K4) -> 18.525178 | H19: =IF(H$17=1, H$16*Assets!$K4, -H$8*Assets!$K4) -> 0
C20: 0.2 | D20: =IF(D$17=1, D$16*Assets!$K5, -D$8*Assets!$K5) -> 155.4856 | E20: =IF(E$17=1, E$16*Assets!$K5, -E$8*Assets!$K5) -> 11.341065 | F20: =IF(F$17=1, F$16*Assets!$K5, -F$8*Assets!$K5) -> 9.7874543 | G20: =IF(G$17=1, G$16*Assets!$K5, -G$8*Assets!$K5) -> 12.350119 | H20: =IF(H$17=1, H$16*Assets!$K5, -H$8*Assets!$K5) -> 0
C21: 0.1 | D21: =IF(D$17=1, D$16*Assets!$K6, -D$8*Assets!$K6) -> 77.7428 | E21: =IF(E$17=1, E$16*Assets!$K6, -E$8*Assets!$K6) -> 5.6705326 | F21: =IF(F$17=1, F$16*Assets!$K6, -F$8*Assets!$K6) -> 4.8937271 | G21: =IF(G$17=1, G$16*Assets!$K6, -G$8*Assets!$K6) -> 6.1750595 | H21: =IF(H$17=1, H$16*Assets!$K6, -H$8*Assets!$K6) -> 0
D22: =D18*D12 -> 8652773.7 | E22: =E18*E12 -> 3717034.1 | F22: =F18*F12 -> 1000375.7 | G22: =G18*G12 -> 1007275.7 | H22: =H18*H12 -> 0
B24: 목표 | C24: 목표수량 | D24: =D8+D16 -> 9374.428 | E24: =E8+E16 -> 930.70533 | G24: =G8+G16 -> 298.75059 | H24: =H8+H16 -> 0 | I24: 투자금 목표
C25: 목표평단가 | D25: =IF(D10>0,(((D8*D9)+(D16*D12))/(D8+D16)),0) -> 20559.06 | E25: =IF(E10>0,(((E8*E9)+(E16*E12))/(E8+E16)),0) -> 116481.88 | G25: =IF(G10>0,(((G8*G9)+(G16*G12))/(G8+G16)),0) -> 40319.884 | H25: =IF(H10>0,(((H8*H9)+(H16*H12))/(H8+H16)),0) -> 0
C26: 투자금 | D26: =D24*D25 -> 1.9272943e+08 | E26: =E24*E25 -> 1.084103e+08 | G26: =G24*G25 -> 12045589 | H26: =H24*H25 -> 0 | I26: =SUM(D26:G26) -> 3.1318532e+08
B28: 배당,분배 (세후) | C28: 46161 | D28: 2549100 | E28: 100905 | I28: =SUM(D28:H28) -> 2650005
I29: =SUM(D29:H29) -> 0

Sheet 개인연금
B2: ITEMs | C2: # | D2: 1 | E2: 2 | F2: 합계
C3: 코드 | D3: 494300
C4: 종목 | D4: KODEX 미국나스닥100데일리커버드콜OTM
B5: Plane | C5: 투자비중 | D5: 1 | F5: =SUM(A5:E5) -> 1
C6: 매수목표 | D6: 0.9
C7: 투자한도 | D7: =Assets!$E$4*(D5)*D6 -> 1.1487002e+08 | E7: =Assets!$E$4*(E5)*E6 -> 0 | F7: =SUM(D7:E7) -> 1.1487002e+08
B8: Investment | C8: 보유량 | D8: 9756
C9: 평균단가 | D9: 9993
C10: 투자금 | D10: =D9*D8 -> 97491708 | E10: =E9*E8 -> 0 | F10: =SUM(D10:E10) -> 97491708
C11: 비중 | D11: =IFERROR(D10/$F$10, 0) -> 1 | E11: =IFERROR(E10/$F$10, 0) -> 0 | F11: =SUM(D11:E11) -> 1
B12: 매매 | C12: 현재가 | D12: 11145
C13: 수익률 | D13: =IF(D9>0, (D12-D9)/D9, 0) -> 0.1152807 | E13: =IF(E9>0, (E12-E9)/E9, 0) -> 0 | F13: =IFERROR(F14/F10, 0) -> 0.1152807
C14: 수익 | D14: =D10*D13 -> 11238912 | E14: =E10*E13 -> 0 | F14: =SUM(D14:E14) -> 11238912
C15: 추가매수(금액) | D15: =D7-D10 -> 17378310 | E15: =E7-E10 -> 0 | F15: =SUM(A15:D15) -> 17378310
C16: 추가매수(주) | D16: =IFERROR((D7-D10)/D12, 0) -> 1559.292 | E16: =IFERROR((E7-E10)/E12, 0) -> 0 | F16: =IFERROR((F7-F10)/F12, 0) -> 0
C17: LONG/SHORT | D17: 1 | E17: 0
C18: 0.4 | D18: =IF(D$17=1, D$16*Assets!$K3, -D$8*Assets!$K3) -> 623.71681 | E18: =IF(E$17=1, E$16*Assets!$K3, -E$8*Assets!$K3) -> 0
C19: 0.3 | D19: =IF(D$17=1, D$16*Assets!$K4, -D$8*Assets!$K4) -> 467.78761 | E19: =IF(E$17=1, E$16*Assets!$K4, -E$8*Assets!$K4) -> 0
C20: 0.2 | D20: =IF(D$17=1, D$16*Assets!$K5, -D$8*Assets!$K5) -> 311.85841 | E20: =IF(E$17=1, E$16*Assets!$K5, -E$8*Assets!$K5) -> 0
C21: 0.1 | D21: =IF(D$17=1, D$16*Assets!$K6, -D$8*Assets!$K6) -> 155.9292 | E21: =IF(E$17=1, E$16*Assets!$K6, -E$8*Assets!$K6) -> 0
D22: =D12*D18 -> 6951323.9
B24: 목표 | C24: 목표수량 | D24: =D8+D16 -> 11315.292 | E24: =E8+E16 -> 0 | F24: 투자금 목표
C25: 목표평단가 | D25: =IF(D10>0,(((D8*D9)+(D16*D12))/(D8+D16)),0) -> 10151.75 | E25: =IF(E10>0,(((E8*E9)+(E16*E12))/(E8+E16)),0) -> 0
C26: 목표투자금 | D26: =D24*D25 -> 1.1487002e+08 | E26: =E24*E25 -> 0 | F26: =SUM(D26:E26) -> 1.1487002e+08
B28: 배당,분배 (세후) | C28: 46148 | D28: 1434641 | E28: 40664 | F28: =SUM(D28:E28) -> 1475305
C29: 46175 | D29: 1559376 | E29: 0 | F29: =SUM(D29:E29) -> 1559376

Sheet 퇴직연금
B2: ITEMs | C2: # | D2: 1 | E2: 2 | F2: 합계
C3: 코드 | D3: 481060
C4: 종목 | D4: TIGER 단기채권액티브
B5: Plane | C5: 투자비중 | D5: 1 | F5: =SUM(A5:E5) -> 1
C6: 매수목표 | D6: 1
C7: 투자한도 | D7: =Assets!$E$5*(D5)*D6 -> 13627227 | E7: =Assets!$E$3*(E5)*E6 -> 0 | F7: =SUM(A7:D7) -> 13627227
B8: Investment | C8: 보유량 | D8: 1771
C9: 평균단가 | D9: 7687
C10: 투자금 | D10: =D9*D8 -> 13613677 | E10: =E9*E8 -> 0 | F10: =SUM(A10:D10) -> 13613677
C11: 비중 | D11: =IFERROR(D10/$F$10, 0) -> 1 | E11: =IFERROR(E10/$F$10, 0) -> 0 | F11: =SUM(A11:D11) -> 1
B12: 매매 | C12: 현재가 | D12: 7785
C13: 수익률 | D13: =IF(D9>0, (D12-D9)/D9, 0) -> 0.012748797 | E13: =IF(E9>0, (E12-E9)/E9, 0) -> 0 | F13: =IFERROR(F14/F10, 0) -> 0.012748797
C14: 수익 | D14: =D10*D13 -> 173558 | E14: =E10*E13 -> 0 | F14: =SUM(A14:D14) -> 173558
C15: 매수한도 | D15: =D7-D10 -> 13550 | E15: =E7-E10 -> 0 | F15: =SUM(A15:D15) -> 13550
C16: 추가매수 | D16: =IFERROR((D7-D10)/D12, 0) -> 1.7405267 | E16: =IFERROR((E7-E10)/E12, 0) -> 0 | F16: =IFERROR((F7-F10)/F12, 0) -> 0
C17: LONG/SHORT | D17: 1 | E17: 1
C18: 0.4 | D18: =IF(D$17=1, D$16*Assets!$K3, -D$8*Assets!$K3) -> 0.69621066 | E18: =IF(E$17=1, E$16*Assets!$K3, -E$8*Assets!$K3) -> 0
C19: 0.3 | D19: =IF(D$17=1, D$16*Assets!$K4, -D$8*Assets!$K4) -> 0.522158 | E19: =IF(E$17=1, E$16*Assets!$K4, -E$8*Assets!$K4) -> 0
C20: 0.2 | D20: =IF(D$17=1, D$16*Assets!$K5, -D$8*Assets!$K5) -> 0.34810533 | E20: =IF(E$17=1, E$16*Assets!$K5, -E$8*Assets!$K5) -> 0
C21: 0.1 | D21: =IF(D$17=1, D$16*Assets!$K6, -D$8*Assets!$K6) -> 0.17405267 | E21: =IF(E$17=1, E$16*Assets!$K6, -E$8*Assets!$K6) -> 0
D22: =D12*D18 -> 5420
B24: 목표 | C24: 목표수량 | D24: =D8+D16 -> 1772.7405 | E24: =E8+E16 -> 0 | F24: 투자금 목표
C25: 목표평단가 | D25: =IF(D10>0,(((D8*D9)+(D16*D12))/(D8+D16)),0) -> 7687.0962 | E25: =IF(E10>0,(((E8*E9)+(E16*E12))/(E8+E16)),0) -> 0
C26: 목표투자금 | D26: =D24*D25 -> 13627227 | E26: =E24*E25 -> 0 | F26: =SUM(A26:D26) -> 13627227
B28: 배당,분배 (세후) | C28: 46161 | D28: 136591 | F28: =SUM(D28:E28) -> 136591
F29: =SUM(D29:E29) -> 0
