Workbook

Sheet Assets
B2: CMA | C2: 현금보유비중 | D2: 투자금 | E2: 순자산총액 | F2: 평가손익
B3: =E3-F3 | C3: 0.3 | D3: =B3*(1-C3) | E3: 1175392984 | F3: =CMA!I13
B5: 개인연금 | C5: 현금보유비중 | D5: 투자금 | E5: 순자산총액 | F5: 평가손익
B6: =E6-F6 | C6: 0 | D6: =B6*(1-C6) | E6: 116570018 | F6: 196220
B8: 퇴직연금 | C8: 현금보유비중 | D8: 투자금 | E8: 순자산총액 | F8: 평가손익
B9: =E9-F9 | C9: 0 | D9: =B9*(1-C9) | E9: 13808303

Sheet CMA
B2: ITEMs | C2: # | D2: 1 | E2: 2 | F2: 3 | G2: 4 | H2: 5 | I2: 합계
C3: 코드 | D3: 498400 | E3: 091160
C4: 종목 | D4: KODEX 200타겟위클리커버드콜 | E4: KODEX 반도체
B5: Plan | C5: 투자비 | D5: 0.6 | E5: 0.4 | I5: =SUM(D5:H5)
C6: 분할비 | D6: 0.1 | E6: 0.1
C7: 투자한도 | D7: =Assets!$D$3*D5*D6 | E7: =Assets!$D$3*E5*E6 | F7: =Assets!$D$3*(F5/10)*F6 | G7: =Assets!$D$3*(G5/10)*G6 | H7: =Assets!$D$3*(H5/10)*H6 | I7: =SUM(D7:H7)
B8: Investment | C8: 보유량 | D8: 2816 | E8: 317
C9: 평균단가 | D9: 18202 | E9: 103981
C10: 투자금 | D10: =D9*D8 | E10: =E9*E8 | F10: =F9*F8 | G10: =G9*G8 | H10: =H9*H8 | I10: =SUM(D10:H10)
B11: 수익 | C11: 현재가 | D11: 18220 | E11: 101725 | I11: 합계
C12: 수익률 | D12: =IF(D9>0, (D11-D9)/D9, 0) | E12: =IF(E9>0, (E11-E9)/E9, 0) | F12: =IF(F9>0, (F11-F9)/F9, 0) | G12: =IF(G9>0, (G11-G9)/G9, 0) | H12: =IF(H9>0, (H11-H9)/H9, 0)
C13: 수익 | D13: =D10*D12 | E13: =E10*E12 | F13: =F10*F12 | G13: =G10*G12 | H13: =H10*H12 | I13: =SUM(D13:H13)
B14: 매매 | C14: 추가매수한도 | D14: =D7-D10 | E14: =E7-E10 | F14: =IF(ABS(F7*F6-F10) < F11, 0,F7*F6-F10) | G14: =IF(ABS(G7*G6-G10) < G11, 0,G7*G6-G10) | H14: =IF(ABS(H7*H6-H10) < H11, 0,H7*H6-H10) | I14: =SUM(D14:H14)
C15: 추가매수 | D15: =IFERROR(D14/D11,0) | E15: =IFERROR(E14/E11,0) | F15: =IFERROR(F14/F11,0) | G15: =IFERROR(G14/G11,0) | H15: =IFERROR(H14/H11,0)

Sheet 개인연금
B2: ITEMs | C2: # | D2: 1 | E2: 2 | F2: 합계
C3: 코드 | D3: 494300
C4: 종목 | D4: KODEX 미국나스닥100데일리커버드콜OTM
B5: Plan | C5: 투자비 | D5: 1 | F5: =SUM(D5:E5)
C6: 분할비 | D6: 0.7
C7: 투자한도 | D7: =Assets!$D$6*D5*D6 | E7: =Assets!$D$3*E5*E6 | F7: =SUM(D7:E7)
B8: Investment | C8: 보유량 | D8: 8489
C9: 평균단가 | D9: 9597
C10: 투자금 | D10: =D9*D8 | E10: =E9*E8 | F10: =SUM(D10:E10)
B11: 수익 | C11: 현재가 | D11: 9620 | F11: 합계
C12: 수익률 | D12: =IF(D9>0, (D11-D9)/D9, 0) | E12: =IF(E9>0, (E11-E9)/E9, 0)
C13: 수익 | D13: =D10*D12 | E13: =E10*E12 | F13: =SUM(D13:E13)
B14: 매매 | C14: 추가매수한도 | D14: =D7-D10 | E14: =IF(ABS(E7*E6-E10) < E11, 0,E7*E6-E10) | F14: =SUM(D14:E14)
C15: 추가매수 | D15: =IFERROR(D14/D11,0) | E15: =IFERROR(E14/E11,0)

Sheet 퇴직연금
B2: ITEMs | C2: # | D2: 1 | E2: 2 | F2: 합계
C3: 코드 | D3: 481060
C4: 종목 | D4: KODEX 미국30년국채타겟커버드콜(합성H)
B5: Plan | C5: 투자비 | D5: 1 | F5: =SUM(D5:E5)
C6: 분할비 | D6: 0.7
C7: 투자한도 | D7: =Assets!$D$9*D5*D6 | E7: =Assets!$D$3*E5*E6 | F7: =SUM(D7:E7)
B8: Investment | C8: 보유량 | D8: 1195
C9: 평균단가 | D9: 8061
C10: 투자금 | D10: =D9*D8 | E10: =E9*E8 | F10: =SUM(D10:E10)
B11: 수익 | C11: 현재가 | D11: 8070 | F11: 합계
C12: 수익률 | D12: =IF(D9>0, (D11-D9)/D9, 0) | E12: =IF(E9>0, (E11-E9)/E9, 0)
C13: 수익 | D13: =D10*D12 | E13: =E10*E12 | F13: =SUM(D13:E13)
B14: 매매 | C14: 추가매수한도 | D14: =D7-D10 | E14: =IF(ABS(E7*E6-E10) < E11, 0,E7*E6-E10) | F14: =SUM(D14:E14)
C15: 추가매수 | D15: =IFERROR(D14/D11,0) | E15: =IFERROR(E14/E11,0)
